sample,Family_ID,chrom,pos,ref,alt,gene,acmg_disease_association,clinvar_trait,clinvar_sig,transcript,consequence,hgvsc,hgvsp,exon,gnomad_af,gnomad_details,revel,alpha_missense,spliceai,cadd,proband_gt,proband_dp,db_hits,criteria_assigned,criteria_points,total_points,automated_class,manual_review,manual_reasons,normalized_gene
7123480,28620_2024,chr19,38451843,G,A,RYR1,"malignant hyperthermia, susceptibility to, 1",RYR1-related myopathy; RYR1-related disorder; Malignant hyperthermia of anesthesia; not provided; Malignant hyperthermia; susceptibility to; 1,Pathogenic,ENST00000359596,missense_variant,ENST00000359596.8:c.1202G>A,ENSP00000352608.2:p.Arg401His,12/106,,{},,,,26.3,0/1,28,Pathogenic|ClinVar,PP3_Supporting,"{""PP3_Supporting"": 1}",1,Pathogenic,False,,RYR1
7115000,11830_2024,chr3,38609823,C,T,SCN5A,cardiac rhythm disease,Cardiac arrhythmia; Cardiovascular phenotype; not provided; Brugada syndrome; Brugada syndrome 1,Pathogenic/Likely_pathogenic,ENST00000423572,missense_variant,ENST00000423572.7:c.845G>A,ENSP00000398266.2:p.Arg282His,7/28,,{},,,,26.2,0/1,28,Pathogenic|ClinVar,PP3_Supporting,"{""PP3_Supporting"": 1}",1,Pathogenic,False,,SCN5A
7042860,3637_2024,chr19,11105258,G,T,LDLR,"hypercholesterolemia, familial, 1",Cardiovascular phenotype; Homozygous familial hypercholesterolemia; Familial hypercholesterolemia; not provided; Hypercholesterolemia; familial; 1,Likely_pathogenic,ENST00000558518,missense_variant,ENST00000558518.6:c.352G>T,ENSP00000454071.1:p.Asp118Tyr,4/18,,{},,,,24.4,0/1,28,Pathogenic|ClinVar,,{},0,Pathogenic,False,,LDLR
7140780,11314_2025,chr2,219418497,C,T,DES,dilated cardiomyopathy,Primary dilated cardiomyopathy; Neuromuscular disease; Desmin-related myofibrillar myopathy; not provided,Pathogenic/Likely_pathogenic,ENST00000373960,missense_variant,ENST00000373960.4:c.35C>T,ENSP00000363071.3:p.Ser12Phe,1/9,,{},0.872,0.937,,29.8,0/1,28,Pathogenic|ClinVar,PP3_Supporting;PP3_Supporting;PP3_Supporting,"{""PP3_Supporting"": 1}",1,Pathogenic,False,,DES
7118610,31233_2024,chr3,15645225,G,A,BTD,biotinidase deficiency,Biotinidase deficiency,Pathogenic,ENST00000643237,missense_variant,ENST00000643237.3:c.1309G>A,ENSP00000495254.2:p.Val437Met,4/4,6.57056e-06,"{""version"": ""v3"", ""pop"": ""af""}",,,,24.2,0/1,28,Pathogenic|ClinVar,PM2_Supporting,"{""PM2_Supporting"": 1}",1,Pathogenic,False,,BTD
7118610,31233_2024,chr3,15635478,CGG,C,BTD,biotinidase deficiency,Generalized hypotonia; Global developmental delay; Cryptorchidism; Macrocephaly; Biotinidase deficiency,Pathogenic,ENST00000643237,frameshift_variant,ENST00000643237.3:c.40_41del,ENSP00000495254.2:p.Gly14LeufsTer17,2/4,,{},,,,,0/1,28,Pathogenic|ClinVar,,{},0,Pathogenic,False,,BTD
7119250,46953_2024,chr14,23416104,ATCT,A,MYH7,dilated cardiomyopathy,Cardiovascular phenotype; MYH7-related skeletal myopathy; not provided; Abnormality of the musculature; Hypertrophic cardiomyopathy,Pathogenic/Likely_pathogenic,ENST00000355349,inframe_deletion,ENST00000355349.4:c.4850_4852del,ENSP00000347507.3:p.Lys1617del,34/40,,{},,,,,0/1,28,Pathogenic|ClinVar,,{},0,Pathogenic,False,,MYH7
7050230,11809_2024,chr15,48425423,G,A,FBN1,familial thoracic aortic aneurysm and aortic dissection,Familial thoracic aortic aneurysm and aortic dissection; Marfan syndrome; not specified,Pathogenic,ENST00000316623,stop_gained,ENST00000316623.10:c.7399C>T,ENSP00000325527.5:p.Gln2467Ter,60/66,,{},,,,45.0,0/1,28,Pathogenic|ClinVar,,{},0,Pathogenic,False,,FBN1
7112860,41927_2024,chr2,21010188,TG,T,APOB,"hypercholesterolemia, autosomal dominant, type B",not provided; Familial hypobetalipoproteinemia 1; Hypercholesterolemia; autosomal dominant; type B,Pathogenic,ENST00000233242,frameshift_variant,ENST00000233242.5:c.6679del,ENSP00000233242.1:p.His2227MetfsTer50,26/29,,{},,,,,0/1,28,Pathogenic|ClinVar,,{},0,Pathogenic,False,,APOB
7132150,7579_2025,chr19,38580395,C,T,RYR1,"malignant hyperthermia, susceptibility to, 1",Central core myopathy; Malignant hyperthermia; susceptibility to; 1; RYR1-related disorder; not provided,Pathogenic/Likely_pathogenic,ENST00000359596,missense_variant,ENST00000359596.8:c.14537C>T,ENSP00000352608.2:p.Ala4846Val,101/106,,{},,,,26.3,0/1,28,Pathogenic|ClinVar,PP3_Supporting,"{""PP3_Supporting"": 1}",1,Pathogenic,False,,RYR1
27021230,14841_2024,chr1,201053538,C,T,CACNA1S,"malignant hyperthermia, susceptibility to, 5",Congenital myopathy 18; Malignant hyperthermia; susceptibility to; 5; Hypokalemic periodic paralysis; type 1; not provided,Pathogenic,ENST00000362061,missense_variant,ENST00000362061.4:c.3716G>A,ENSP00000355192.3:p.Arg1239His,30/44,,{},,,,34.0,0/1,28,Pathogenic|ClinVar,PP3_Supporting,"{""PP3_Supporting"": 1}",1,Pathogenic,False,,CACNA1S
7116780,39667_2024,chr18,51078306,A,G,SMAD4,juvenile polyposis/hereditary hemorrhagic telangiectasia syndrome,SMAD4-related disorder; Myhre syndrome; Generalized juvenile polyposis/juvenile polyposis coli; Juvenile polyposis/hereditary hemorrhagic telangiectasia syndrome; Familial thoracic aortic aneurysm and aortic dissection; Hereditary cancer-predisposing syndrome; Juvenile polyposis syndrome; Carcinoma of pancreas; Familial aortopathy; not provided; Familial renal glucosuria; Intellectual disability; Neurodevelopmental delay,Pathogenic,ENST00000342988,missense_variant,ENST00000342988.8:c.1498A>G,ENSP00000341551.3:p.Ile500Val,12/12,,{},,,,25.5,0/1,28,Pathogenic|ClinVar,PP3_Supporting,"{""PP3_Supporting"": 1}",1,Pathogenic,False,,SMAD4
7117320,26342_2020,chr15,48411271,C,A,FBN1,familial thoracic aortic aneurysm and aortic dissection,Marfan syndrome; Familial thoracic aortic aneurysm and aortic dissection,Pathogenic,ENST00000316623,stop_gained,ENST00000316623.10:c.8335G>T,ENSP00000325527.5:p.Glu2779Ter,66/66,,{},,,,43.0,0/1,28,Pathogenic|ClinVar,,{},0,Pathogenic,False,,FBN1
7050040,10239_2024,chr15,48460258,C,T,FBN1,familial thoracic aortic aneurysm and aortic dissection,Familial thoracic aortic aneurysm and aortic dissection; Marfan syndrome; not provided; Geleophysic dysplasia 2; FBN1-related disorder,Pathogenic,ENST00000316623,missense_variant,ENST00000316623.10:c.5284G>A,ENSP00000325527.5:p.Gly1762Ser,43/66,6.57575e-06,"{""version"": ""v3"", ""pop"": ""af""}",0.614,0.7237,,27.5,0/1,28,Pathogenic|ClinVar,PP3_Supporting;PP3_Supporting;PM2_Supporting,"{""PP3_Supporting"": 1, ""PM2_Supporting"": 1}",2,Pathogenic,False,,FBN1
7108680,10661_2023,chr19,11105567,G,A,LDLR,"hypercholesterolemia, familial, 1",Cardiovascular phenotype; Familial hypercholesterolemia; not provided; Hypercholesterolemia; familial; 1,Pathogenic/Likely_pathogenic,ENST00000558518,missense_variant,ENST00000558518.6:c.661G>A,ENSP00000454071.1:p.Asp221Asn,4/18,,{},,,,27.5,0/1,28,Pathogenic|ClinVar,PP3_Supporting,"{""PP3_Supporting"": 1}",1,Pathogenic,False,,LDLR
