sample,Family_ID,chrom,pos,ref,alt,gene,Inheritance,HGVSc,HGVSp,Exon,Consequence,Zygosity,DP,Sample_AF,acmg_disease_association,Special_Guidance,clinvar_trait,clinvar_sig,clinvar_stars,disease_match,disease_match_level,disease_match_reason,hgmd_class,hgmd_phenotype,hgmd_publication_count,hgmd_rankscore,internal_db_sig,database_summary,gnomAD_AF,gnomAD_version,REVEL,CADD,SpliceAI,AlphaMissense,criteria_assigned,criteria_points,total_points,automated_class,in_auto_report,in_manual_review,manual_reasons,filtered_out
7101150,39461_2023,chr13,51974717,A,G,ATP7B,AR,ENST00000242839.10:c.503T>C,ENSP00000242839.5:p.Leu168Pro,2/21,missense_variant,Het,44,0.477,Wilson disease,Yes,Wilson_disease|not_provided,Conflicting_classifications_of_pathogenicity,1,Yes,direct_match,Direct substring match,DM,Wilson disease,3,0.58,Not provided,ClinVar: Conflicting_classifications_of_pathogenicity (1*); HGMD: DM (3 pubs),0.000039,v3,0.847,25.50,0.000,0.965,PM5_Moderate;PM2_Moderate;PP3_Supporting;PP5_Supporting,"{""PM5_Moderate"": 2, ""PM2_Moderate"": 2, ""PP3_Supporting"": 1, ""PP5_Supporting"": 1}",6,Pathogenic,No,Yes,Using HGMD classification: Pathogenic; Using HGMD classification: Pathogenic; Auto Blocked: Recessive Het variant (requires pairing check in Manual); AR Pair (Phase Unknown)  with ENSP00000242839.5:p.Leu168Pro,No
7029740,19910_2023,chr17,43093569,CT,C,BRCA1,AR,ENST00000357654.9:c.1961del,ENSP00000350283.3:p.Lys654SerfsTer47,10/23,frameshift_variant,Het,33,0.529,"Fanconi anemia, complementation group S",Yes,Infiltrating_duct_carcinoma_of_breast|Inherited_ovarian_cancer_(without_breast_cancer)|Inherited_breast_cancer_and_ovarian_cancer|BRCA1-related_cancer_predisposition|Fanconi_anemia;_complementation_group_S|Hereditary_cancer-predisposing_syndrome|Breast_neoplasm|not_provided|Hereditary_breast_ovarian_cancer_syndrome|Breast-ovarian_cancer;_familial;_susceptibility_to;_1|Familial_cancer_of_breast|Malignant_tumor_of_breast,Pathogenic,3,Yes,direct_match,Direct substring match,DM,Breast cancer,51,Not provided,Not provided,ClinVar: Pathogenic (3*); HGMD: DM (51 pubs),0.000007,v3,Not provided,Not provided,0.000,Not provided,PVS1_VeryStrong;PM2_Moderate;PP5_Supporting,"{""PVS1_VeryStrong"": 8, ""PM2_Moderate"": 2, ""PP5_Supporting"": 1}",11,Pathogenic,No,Yes,Using ClinVar classification: Pathogenic; Using ClinVar classification: Pathogenic; Auto Blocked: Recessive Het variant (requires pairing check in Manual); AR Pair (Phase Unknown)  with ENSP00000350283.3:p.Lys654SerfsTer47,No
7118610,31233_2024,chr3,15635478,CGG,C,BTD,AR,ENST00000643237.3:c.40_41del,ENSP00000495254.2:p.Gly14LeufsTer17,2/4,frameshift_variant,Het,64,0.516,biotinidase deficiency,Yes,Generalized_hypotonia|Global_developmental_delay|Cryptorchidism|Macrocephaly|Biotinidase_deficiency,Pathogenic,1,Yes,direct_match,Direct substring match,DM,Biotinidase deficiency,2,Not provided,Not provided,ClinVar: Pathogenic (1*); HGMD: DM (2 pubs),0.0,Unknown,Not provided,Not provided,0.000,Not provided,PVS1_VeryStrong;PM2_Moderate;PP5_Supporting;PM3_Supporting,"{""PVS1_VeryStrong"": 8, ""PM2_Moderate"": 2, ""PP5_Supporting"": 1, ""PM3_Supporting"": 1}",11,Pathogenic,No,Yes,"PM3 downgraded from PM3_Moderate to PM3_Supporting (no parental phasing); PM3 (PM3_Supporting): total=1.00 [unphased with P (BTD): +0.5, unphased with LP (BTD): +0.5]; Using HGMD classification: Pathogenic; Using HGMD classification: Pathogenic; Auto Blocked: Recessive Het variant (requires pairing check in Manual); Manual: 6 P/LP variants in recessive gene, reviewing top 2; Filtered: Excluded due to >2 P/LP variants in recessive gene",No
7118610,31233_2024,chr3,15635481,CTG,C,BTD,AR,ENST00000643237.3:c.44_45del,ENSP00000495254.2:p.Cys15LeufsTer16,2/4,frameshift_variant,Het,63,0.524,biotinidase deficiency,Yes,Biotinidase_deficiency,Pathogenic/Likely_pathogenic,2,Yes,direct_match,Direct substring match,DM,Biotinidase deficiency,1,Not provided,Not provided,ClinVar: Pathogenic/Likely_pathogenic (2*); HGMD: DM (1 pubs),0.0,Unknown,Not provided,Not provided,0.000,Not provided,PVS1_VeryStrong;PM2_Moderate;PP5_Supporting;PM3_Supporting,"{""PVS1_VeryStrong"": 8, ""PM2_Moderate"": 2, ""PP5_Supporting"": 1, ""PM3_Supporting"": 1}",11,Pathogenic,No,Yes,"PM3 downgraded from PM3_Moderate to PM3_Supporting (no parental phasing); PM3 (PM3_Supporting): total=1.00 [unphased with P (BTD): +0.5, unphased with LP (BTD): +0.5]; Using ClinVar classification: Pathogenic; Using ClinVar classification: Pathogenic; Auto Blocked: Recessive Het variant (requires pairing check in Manual); Manual: 6 P/LP variants in recessive gene, reviewing top 2; Filtered: Excluded due to >2 P/LP variants in recessive gene",No
7132460,16155_2020,chr1,68439043,G,T,RPE65,AR,ENST00000262340.6:c.897C>A,ENSP00000262340.5:p.Tyr299Ter,9/14,stop_gained,Hom,36,1.000,RPE65-related recessive retinopathy,Yes,Not provided,Not provided,0,No,mismatch,No overlap found,DM,Retinal degeneration,1,Not provided,Not provided,HGMD: DM (1 pubs),0.0,Unknown,Not provided,35.00,0.010,Not provided,PVS1_VeryStrong;PM2_Moderate;PP3_Moderate;PM3_Supporting,"{""PVS1_VeryStrong"": 8, ""PM2_Moderate"": 2, ""PP3_Moderate"": 2, ""PM3_Supporting"": 1}",12,Pathogenic,No,Yes,PM3 (PM3_Supporting): total=0.50 [homozygous: +0.5]; AR Pair (Phase Unknown)  with ENSP00000262340.5:p.Tyr299Ter,No
7132460,16155_2020,chr3,15645186,G,C,BTD,AR,ENST00000643237.3:c.1270G>C,ENSP00000495254.2:p.Asp424His,4/4,missense_variant,Het,66,0.545,biotinidase deficiency,Yes,Possible_mitochondrial_disorder_-_nuclear_genes|BTD-related_disorder|Inborn_genetic_diseases|not_provided|Biotinidase_deficiency,Conflicting_classifications_of_pathogenicity,1,Yes,direct_match,Direct substring match,DM,"Biotinidase deficiency, partial",47,0.15,Not provided,ClinVar: Conflicting_classifications_of_pathogenicity (1*); HGMD: DM (47 pubs),0.0,Unknown,0.769,23.10,0.000,0.294,PM5_Moderate;PM2_Moderate;PP3_Supporting;PP5_Supporting,"{""PM5_Moderate"": 2, ""PM2_Moderate"": 2, ""PP3_Supporting"": 1, ""PP5_Supporting"": 1}",6,Pathogenic,No,Yes,Using HGMD classification: Pathogenic; Using HGMD classification: Pathogenic; Auto Blocked: Recessive Het variant (requires pairing check in Manual); AR Pair (Phase Unknown)  with ENSP00000495254.2:p.Asp424His,No
7128150,9647_2015,chr1,68446861,C,T,RPE65,AR,ENST00000262340.6:c.95-1G>A,Not provided,,splice_acceptor_variant,Het,59,0.492,RPE65-related recessive retinopathy,Yes,Not provided,Not provided,0,No,mismatch,No overlap found,DM,Retinal dystrophy,1,0.22333333333333336,Not provided,HGMD: DM (1 pubs),0.0,Unknown,Not provided,Not provided,0.980,Not provided,PVS1_VeryStrong;PM2_Moderate;PP3_Moderate,"{""PVS1_VeryStrong"": 8, ""PM2_Moderate"": 2, ""PP3_Moderate"": 2}",12,Pathogenic,No,Yes,Auto Blocked: Recessive Het variant (requires pairing check in Manual); AR Pair (Phase Unknown)  with ,No
7128150,9647_2015,chr3,15645186,G,C,BTD,AR,ENST00000643237.3:c.1270G>C,ENSP00000495254.2:p.Asp424His,4/4,missense_variant,Het,57,0.561,biotinidase deficiency,Yes,Possible_mitochondrial_disorder_-_nuclear_genes|BTD-related_disorder|Inborn_genetic_diseases|not_provided|Biotinidase_deficiency,Conflicting_classifications_of_pathogenicity,1,Yes,direct_match,Direct substring match,DM,"Biotinidase deficiency, partial",47,0.15,Not provided,ClinVar: Conflicting_classifications_of_pathogenicity (1*); HGMD: DM (47 pubs),0.0,Unknown,0.769,23.10,0.000,0.294,PM5_Moderate;PM2_Moderate;PP3_Supporting;PP5_Supporting,"{""PM5_Moderate"": 2, ""PM2_Moderate"": 2, ""PP3_Supporting"": 1, ""PP5_Supporting"": 1}",6,Pathogenic,No,Yes,Using HGMD classification: Pathogenic; Using HGMD classification: Pathogenic; Auto Blocked: Recessive Het variant (requires pairing check in Manual); AR Pair (Phase Unknown)  with ENSP00000495254.2:p.Asp424His,No
7029730,39330_2023,chr13,51944104,C,T,ATP7B,AR,ENST00000242839.10:c.3243+5G>A,Not provided,,splice_donor_5th_base_variant&intron_variant,Het,28,0.533,Wilson disease,Yes,not_provided|Wilson_disease,Conflicting_classifications_of_pathogenicity,1,Yes,direct_match,Direct substring match,DM?,Wilson disease,7,Not provided,Not provided,ClinVar: Conflicting_classifications_of_pathogenicity (1*); HGMD: DM? (7 pubs),0.0,Unknown,Not provided,Not provided,0.030,Not provided,PVS1_VeryStrong;PM2_Moderate;PM3_Supporting,"{""PVS1_VeryStrong"": 8, ""PM2_Moderate"": 2, ""PM3_Supporting"": 1}",10,Pathogenic,No,Yes,"PM3 (PM3_Supporting): total=0.50 [unphased with LP (ATP7B): +0.5]; Auto Blocked: Recessive Het variant (requires pairing check in Manual); Manual: 4 P/LP variants in recessive gene, reviewing top 2",No
7038760,11046_2021,chr2,218812422,G,T,CYP27A1,AR,ENST00000258415.9:c.646+1G>T,Not provided,,splice_donor_variant,Het,28,0.586,cerebrotendinous xanthomatosis,Yes,Cholestanol_storage_disease,Likely_pathogenic,1,No,mismatch,No overlap found,Not provided,Not provided,0,Not provided,Not provided,ClinVar: Likely_pathogenic (1*),0.0,Unknown,Not provided,Not provided,1.000,Not provided,PVS1_VeryStrong;PM2_Moderate;PP3_Moderate,"{""PVS1_VeryStrong"": 8, ""PM2_Moderate"": 2, ""PP3_Moderate"": 2}",12,Pathogenic,No,Yes,Auto Blocked: Recessive Het variant (requires pairing check in Manual); AR Pair (Phase Unknown)  with ,No
7105360,28210_2022,chrX,153725673,A,AGT,ABCD1,XL,ENST00000218104.6:c.409_410dup,ENSP00000218104.3:p.Trp137CysfsTer62,1/10,frameshift_variant,Het,30,0.500,adrenoleukodystrophy,Yes,Not provided,Not provided,0,No,no_db_phenotype,No phenotype in database,Not provided,Not provided,0,Not provided,Not provided,No database evidence,0.0,Unknown,Not provided,Not provided,Not provided,Not provided,PVS1_VeryStrong;PM2_Moderate,"{""PVS1_VeryStrong"": 8, ""PM2_Moderate"": 2}",10,Pathogenic,No,Yes,XL Male Heterozygous (Pseudo-het),No
7044560,17043_2023,chr13,51946382,C,G,ATP7B,AR,ENST00000242839.10:c.2962G>C,ENSP00000242839.5:p.Gly988Arg,13/21,missense_variant,Het,60,0.633,Wilson disease,Yes,Wilson_disease,Pathogenic/Likely_pathogenic,2,Yes,direct_match,Direct substring match,DM,Wilson disease,4,0.79,Pathogenic,ClinVar: Pathogenic/Likely_pathogenic (2*); HGMD: DM (4 pubs); Internal: Pathogenic,0.0,Unknown,0.948,26.60,0.060,0.997,PM2_Moderate;PP3_Moderate;PP5_Supporting,"{""PM2_Moderate"": 2, ""PP3_Moderate"": 2, ""PP5_Supporting"": 1}",5,Pathogenic,No,Yes,Using ClinVar classification: Pathogenic; Using ClinVar classification: Pathogenic; Auto Blocked: Recessive Het variant (requires pairing check in Manual); AR Pair (Phase Unknown)  with ENSP00000242839.5:p.Gly988Arg,No
7126550,14347_2020,chr6,26090957,A,T,HFE,AR,ENST00000357618.10:c.193A>T,ENSP00000417404.1:p.Ser65Cys,2/6,missense_variant,Het,47,0.532,hemochromatosis type 1,Yes,HFE-related_disorder|Familial_porphyria_cutanea_tarda|Hemochromatosis_type_1|TRANSFERRIN_SERUM_LEVEL_QUANTITATIVE_TRAIT_LOCUS_2|Variegate_porphyria|Alzheimer_disease_type_1|Microvascular_complications_of_diabetes;_susceptibility_to;_7|Hereditary_hemochromatosis|Alzheimer_disease|not_provided|not_specified,Conflicting_classifications_of_pathogenicity,1,Yes,direct_match,Direct substring match,DM,Haemochromatosis,12,0.36,Not provided,ClinVar: Conflicting_classifications_of_pathogenicity (1*); HGMD: DM (12 pubs),0.0,Unknown,0.549,25.10,0.010,0.385,PS1_Strong;PM2_Moderate;PP5_Supporting;PM3_Supporting,"{""PS1_Strong"": 4, ""PM2_Moderate"": 2, ""PP5_Supporting"": 1, ""PM3_Supporting"": 1}",7,Pathogenic,No,Yes,PM3 (PM3_Supporting): total=0.50 [unphased with P (HFE): +0.5]; Using HGMD classification: Pathogenic; Using HGMD classification: Pathogenic; Auto Blocked: Recessive Het variant (requires pairing check in Manual); AR Pair (Phase Unknown)  with ENSP00000417404.1:p.Ser65Cys,No
7124330,28619_2022,chr6,26092913,G,A,HFE,AR,ENST00000357618.10:c.845G>A,ENSP00000417404.1:p.Cys282Tyr,4/6,missense_variant,Het,62,0.387,hemochromatosis type 1,Yes,HFE-related_disorder|Bronze_diabetes|Familial_porphyria_cutanea_tarda|Hemochromatosis_type_1|TRANSFERRIN_SERUM_LEVEL_QUANTITATIVE_TRAIT_LOCUS_2|Variegate_porphyria|Alzheimer_disease_type_1|Microvascular_complications_of_diabetes;_susceptibility_to;_7|Peripheral_neuropathy|Abnormal_peripheral_nervous_system_morphology|Atypical_behavior|Abdominal_pain|Abnormality_of_the_male_genitalia|Abnormality_of_the_nervous_system|Pain|Inborn_genetic_diseases|Juvenile_hemochromatosis|Hereditary_hemochromatosis|Neuroendocrine_neoplasm|Hereditary_cancer-predisposing_syndrome|not_provided|Cardiomyopathy|Cutaneous_photosensitivity|Porphyrinuria,Conflicting_classifications_of_pathogenicity|other|risk_factor,1,Yes,direct_match,Direct substring match,DM,Haemochromatosis,94,0.11,Not provided,ClinVar: Conflicting_classifications_of_pathogenicity|other|risk_factor (1*); HGMD: DM (94 pubs),0.0,Unknown,0.872,27.00,0.080,0.974,PM5_Moderate;PM2_Moderate;PP3_Supporting;PP5_Supporting,"{""PM5_Moderate"": 2, ""PM2_Moderate"": 2, ""PP3_Supporting"": 1, ""PP5_Supporting"": 1}",6,Pathogenic,No,Yes,Using HGMD classification: Pathogenic; Using HGMD classification: Pathogenic; Auto Blocked: Recessive Het variant (requires pairing check in Manual); AR Pair (Phase Unknown)  with ENSP00000417404.1:p.Cys282Tyr,No
7108680,10661_2023,chr1,45334404,AG,A,MUTYH,AR,ENST00000456914.7:c.101del,ENSP00000407590.2:p.Pro34LeufsTer29,2/16,frameshift_variant,Het,51,0.519,familial adenomatous polyposis 2,Yes,Not provided,Not provided,0,No,no_db_phenotype,No phenotype in database,Not provided,Not provided,0,Not provided,Not provided,No database evidence,0.0,Unknown,Not provided,Not provided,0.000,Not provided,PVS1_VeryStrong;PM2_Moderate;PM3_Supporting,"{""PVS1_VeryStrong"": 8, ""PM2_Moderate"": 2, ""PM3_Supporting"": 1}",10,Pathogenic,No,Yes,"PM3 downgraded from PM3_Moderate to PM3_Supporting (no parental phasing); PM3 (PM3_Supporting): total=1.00 [unphased with P (MUTYH): +0.5, unphased with P (MUTYH): +0.5]; Auto Blocked: Recessive Het variant (requires pairing check in Manual); Manual: 6 P/LP variants in recessive gene, reviewing top 2; Filtered: Excluded due to >2 P/LP variants in recessive gene",No
7108680,10661_2023,chr1,45334407,CTTGGCCTG,C,MUTYH,AR,ENST00000456914.7:c.91_98del,ENSP00000407590.2:p.Gln31AlafsTer5,2/16,frameshift_variant,Het,51,0.471,familial adenomatous polyposis 2,Yes,Not provided,Not provided,0,No,no_db_phenotype,No phenotype in database,Not provided,Not provided,0,Not provided,Not provided,No database evidence,0.0,Unknown,Not provided,Not provided,Not provided,Not provided,PVS1_VeryStrong;PM2_Moderate;PM3_Supporting,"{""PVS1_VeryStrong"": 8, ""PM2_Moderate"": 2, ""PM3_Supporting"": 1}",10,Pathogenic,No,Yes,"PM3 downgraded from PM3_Moderate to PM3_Supporting (no parental phasing); PM3 (PM3_Supporting): total=1.00 [unphased with P (MUTYH): +0.5, unphased with P (MUTYH): +0.5]; Auto Blocked: Recessive Het variant (requires pairing check in Manual); Manual: 6 P/LP variants in recessive gene, reviewing top 2; Filtered: Excluded due to >2 P/LP variants in recessive gene",No
